{"v":"4.8.0","meta":{"g":"LottieFiles AE 1.0.0","a":"","k":"","d":"","tc":""},"fr":60,"ip":0,"op":66,"w":400,"h":400,"nm":"Render","ddd":0,"assets":[{"id":"comp_0","layers":[{"ddd":0,"ind":1,"ty":4,"nm":"Layer 5 Outlines","sr":1,"ks":{"o":{"a":0,"k":100,"ix":11},"r":{"a":0,"k":0,"ix":10},"p":{"a":1,"k":[{"i":{"x":0,"y":1},"o":{"x":0.046,"y":0},"t":34.897,"s":[1103,497.838,0],"to":[-66.667,0,0],"ti":[66.667,0,0]},{"t":89.9985735043311,"s":[703,497.838,0]}],"ix":2},"a":{"a":0,"k":[703,497.838,0],"ix":1},"s":{"a":0,"k":[100,100,100],"ix":6}},"ao":0,"shapes":[{"ty":"gr","it":[{"ind":0,"ty":"sh","ix":1,"ks":{"a":0,"k":{"i":[[18.777,0],[0,0],[0,18.777],[0,0],[-18.777,0],[0,-18.778],[0,0]],"o":[[0,0],[-18.777,0],[0,0],[0,-18.778],[18.777,0],[0,0],[0,18.777]],"v":[[0,136],[0,136],[-34,102],[-34,-102],[0,-136],[34,-102],[34,102]],"c":true},"ix":2},"nm":"Path 1","mn":"ADBE Vector Shape - Group","hd":false},{"ty":"fl","c":{"a":0,"k":[0,0,0,1],"ix":4},"o":{"a":0,"k":100,"ix":5},"r":1,"bm":0,"nm":"Fill 1","mn":"ADBE Vector Graphic - Fill","hd":false},{"ty":"tr","p":{"a":0,"k":[703,497.838],"ix":2},"a":{"a":0,"k":[0,0],"ix":1},"s":{"a":0,"k":[100,100],"ix":3},"r":{"a":0,"k":0,"ix":6},"o":{"a":0,"k":100,"ix":7},"sk":{"a":0,"k":0,"ix":4},"sa":{"a":0,"k":0,"ix":5},"nm":"Transform"}],"nm":"Group 1","np":2,"cix":2,"bm":0,"ix":1,"mn":"ADBE Vector Group","hd":false}],"ip":0,"op":117.549157230147,"st":-55.1011674516313,"bm":0},{"ddd":0,"ind":2,"ty":4,"nm":"Layer 6 Outlines","sr":1,"ks":{"o":{"a":0,"k":100,"ix":11},"r":{"a":0,"k":0,"ix":10},"p":{"a":1,"k":[{"i":{"x":0,"y":1},"o":{"x":0,"y":0},"t":31.224,"s":[-52.059,497.838,0],"to":[63.333,0,0],"ti":[-63.333,0,0]},{"t":86.3251623408891,"s":[327.941,497.838,0]}],"ix":2},"a":{"a":0,"k":[327.941,497.838,0],"ix":1},"s":{"a":0,"k":[100,100,100],"ix":6}},"ao":0,"shapes":[{"ty":"gr","it":[{"ind":0,"ty":"sh","ix":1,"ks":{"a":0,"k":{"i":[[20.955,0],[0,0],[0,20.954],[0,0],[-20.955,0],[0,-20.955],[0,0]],"o":[[0,0],[-20.955,0],[0,0],[0,-20.955],[20.955,0],[0,0],[0,20.954]],"v":[[0,187.176],[0,187.176],[-37.941,149.235],[-37.941,-149.234],[0,-187.176],[37.941,-149.234],[37.941,149.235]],"c":true},"ix":2},"nm":"Path 1","mn":"ADBE Vector Shape - Group","hd":false},{"ty":"fl","c":{"a":0,"k":[0,0,0,1],"ix":4},"o":{"a":0,"k":100,"ix":5},"r":1,"bm":0,"nm":"Fill 1","mn":"ADBE Vector Graphic - Fill","hd":false},{"ty":"tr","p":{"a":0,"k":[327.941,497.838],"ix":2},"a":{"a":0,"k":[0,0],"ix":1},"s":{"a":0,"k":[100,100],"ix":3},"r":{"a":0,"k":0,"ix":6},"o":{"a":0,"k":100,"ix":7},"sk":{"a":0,"k":0,"ix":4},"sa":{"a":0,"k":0,"ix":5},"nm":"Transform"}],"nm":"Group 1","np":2,"cix":2,"bm":0,"ix":1,"mn":"ADBE Vector Group","hd":false}],"ip":0,"op":117.549157230147,"st":0,"bm":0},{"ddd":0,"ind":3,"ty":4,"nm":"Layer 3 Outlines","sr":1,"ks":{"o":{"a":0,"k":100,"ix":11},"r":{"a":0,"k":0,"ix":10},"p":{"a":1,"k":[{"i":{"x":0,"y":1},"o":{"x":0,"y":0},"t":31.224,"s":[1044.941,497.838,0],"to":[-66.667,0,0],"ti":[66.667,0,0]},{"t":86.3251623408891,"s":[644.941,497.838,0]}],"ix":2},"a":{"a":0,"k":[644.941,497.838,0],"ix":1},"s":{"a":0,"k":[100,100,100],"ix":6}},"ao":0,"shapes":[{"ty":"gr","it":[{"ind":0,"ty":"sh","ix":1,"ks":{"a":0,"k":{"i":[[20.954,0],[0,0],[0,20.954],[0,0],[-20.954,0],[0,-20.955],[0,0]],"o":[[0,0],[-20.954,0],[0,0],[0,-20.955],[20.954,0],[0,0],[0,20.954]],"v":[[0,187.176],[0,187.176],[-37.941,149.235],[-37.941,-149.234],[0,-187.176],[37.941,-149.234],[37.941,149.235]],"c":true},"ix":2},"nm":"Path 1","mn":"ADBE Vector Shape - Group","hd":false},{"ty":"fl","c":{"a":0,"k":[0,0,0,1],"ix":4},"o":{"a":0,"k":100,"ix":5},"r":1,"bm":0,"nm":"Fill 1","mn":"ADBE Vector Graphic - Fill","hd":false},{"ty":"tr","p":{"a":0,"k":[644.941,497.838],"ix":2},"a":{"a":0,"k":[0,0],"ix":1},"s":{"a":0,"k":[100,100],"ix":3},"r":{"a":0,"k":0,"ix":6},"o":{"a":0,"k":100,"ix":7},"sk":{"a":0,"k":0,"ix":4},"sa":{"a":0,"k":0,"ix":5},"nm":"Transform"}],"nm":"Group 1","np":2,"cix":2,"bm":0,"ix":1,"mn":"ADBE Vector Group","hd":false}],"ip":0,"op":117.549157230147,"st":-27.5505837258157,"bm":0},{"ddd":0,"ind":4,"ty":4,"nm":"Layer 4 Outlines","sr":1,"ks":{"o":{"a":0,"k":100,"ix":11},"r":{"a":0,"k":0,"ix":10},"p":{"a":1,"k":[{"i":{"x":0,"y":1},"o":{"x":0,"y":0},"t":34.897,"s":[-112,497.838,0],"to":[63.333,0,0],"ti":[-63.333,0,0]},{"t":89.9985735043311,"s":[268,497.838,0]}],"ix":2},"a":{"a":0,"k":[268,497.838,0],"ix":1},"s":{"a":0,"k":[100,100,100],"ix":6}},"ao":0,"shapes":[{"ty":"gr","it":[{"ind":0,"ty":"sh","ix":1,"ks":{"a":0,"k":{"i":[[18.778,0],[0,0],[0,18.777],[0,0],[-18.778,0],[0,-18.778],[0,0]],"o":[[0,0],[-18.778,0],[0,0],[0,-18.778],[18.778,0],[0,0],[0,18.777]],"v":[[0,136],[0,136],[-34,102],[-34,-102],[0,-136],[34,-102],[34,102]],"c":true},"ix":2},"nm":"Path 1","mn":"ADBE Vector Shape - Group","hd":false},{"ty":"fl","c":{"a":0,"k":[0,0,0,1],"ix":4},"o":{"a":0,"k":100,"ix":5},"r":1,"bm":0,"nm":"Fill 1","mn":"ADBE Vector Graphic - Fill","hd":false},{"ty":"tr","p":{"a":0,"k":[268,497.838],"ix":2},"a":{"a":0,"k":[0,0],"ix":1},"s":{"a":0,"k":[100,100],"ix":3},"r":{"a":0,"k":0,"ix":6},"o":{"a":0,"k":100,"ix":7},"sk":{"a":0,"k":0,"ix":4},"sa":{"a":0,"k":0,"ix":5},"nm":"Transform"}],"nm":"Group 1","np":2,"cix":2,"bm":0,"ix":1,"mn":"ADBE Vector Group","hd":false}],"ip":0,"op":117.549157230147,"st":-55.1011674516313,"bm":0},{"ddd":0,"ind":5,"ty":4,"nm":"Layer 2 Outlines","sr":1,"ks":{"o":{"a":0,"k":100,"ix":11},"r":{"a":0,"k":0,"ix":10},"p":{"a":0,"k":[485.056,492.522,0],"ix":2},"a":{"a":0,"k":[485.056,492.522,0],"ix":1},"s":{"a":1,"k":[{"i":{"x":[0.028,0.028,0.667],"y":[1,1,1]},"o":{"x":[0.261,0.261,0.333],"y":[0,0,0]},"t":0,"s":[0,0,100]},{"t":31.2239948892577,"s":[100,100,100]}],"ix":6}},"ao":0,"shapes":[{"ty":"gr","it":[{"ind":0,"ty":"sh","ix":1,"ks":{"a":0,"k":{"i":[[18.225,0],[0,0],[0,18.226],[-18.226,0],[0,0],[0,-18.225]],"o":[[0,0],[-18.226,0],[0,-18.225],[0,0],[18.225,0],[0,18.226]],"v":[[296.901,33],[-296.9,33],[-329.9,0],[-296.9,-33],[296.901,-33],[329.9,0]],"c":true},"ix":2},"nm":"Path 1","mn":"ADBE Vector Shape - Group","hd":false},{"ty":"gf","o":{"a":0,"k":100,"ix":10},"r":1,"bm":0,"g":{"p":3,"k":{"a":0,"k":[0,0,0,0,0.5,0,0,0,1,0,0,0],"ix":9}},"s":{"a":0,"k":[0,108],"ix":5},"e":{"a":0,"k":[100,-132],"ix":6},"t":1,"nm":"Gradient Fill 1","mn":"ADBE Vector Graphic - G-Fill","hd":false},{"ty":"fl","c":{"a":0,"k":[0,0,0,1],"ix":4},"o":{"a":0,"k":100,"ix":5},"r":1,"bm":0,"nm":"Fill 1","mn":"ADBE Vector Graphic - Fill","hd":false},{"ty":"tr","p":{"a":0,"k":[485.056,492.522],"ix":2},"a":{"a":0,"k":[0,0],"ix":1},"s":{"a":0,"k":[100,100],"ix":3},"r":{"a":0,"k":0,"ix":6},"o":{"a":0,"k":100,"ix":7},"sk":{"a":0,"k":0,"ix":4},"sa":{"a":0,"k":0,"ix":5},"nm":"Transform"}],"nm":"Group 1","np":3,"cix":2,"bm":0,"ix":1,"mn":"ADBE Vector Group","hd":false}],"ip":0,"op":117.549157230147,"st":0,"bm":0}]}],"layers":[{"ddd":0,"ind":1,"ty":0,"nm":"gym","refId":"comp_0","sr":0.63999998569489,"ks":{"o":{"a":0,"k":100,"ix":11},"r":{"a":0,"k":41,"ix":10},"p":{"a":0,"k":[206,206.99999999999997,0],"ix":2,"x":"var $bm_rt;\n$bm_rt = thisComp.layer('Blue Outlines').transform.position;"},"a":{"a":0,"k":[500,500,0],"ix":1},"s":{"a":0,"k":[51,51,100],"ix":6}},"ao":0,"w":1000,"h":1000,"ip":0,"op":75.2314589457398,"st":0,"bm":0},{"ddd":0,"ind":2,"ty":4,"nm":"Blue Outlines","sr":1,"ks":{"o":{"a":0,"k":100,"ix":11},"r":{"a":0,"k":0,"ix":10},"p":{"a":0,"k":[199.984,199.93,0],"ix":2},"a":{"a":0,"k":[200.217,200.219,0],"ix":1},"s":{"a":0,"k":[100,100,100],"ix":6}},"ao":0,"ef":[{"ty":5,"nm":"Gradient Ramp","np":10,"mn":"ADBE Ramp","ix":1,"en":0,"ef":[{"ty":3,"nm":"Start of Ramp","mn":"ADBE Ramp-0001","ix":1,"v":{"a":0,"k":[200,0],"ix":1}},{"ty":2,"nm":"Start Color","mn":"ADBE Ramp-0002","ix":2,"v":{"a":0,"k":[1,0.701746344566,0,1],"ix":2}},{"ty":3,"nm":"End of Ramp","mn":"ADBE Ramp-0003","ix":3,"v":{"a":0,"k":[200,400],"ix":3}},{"ty":2,"nm":"End Color","mn":"ADBE Ramp-0004","ix":4,"v":{"a":0,"k":[1,1,1,1],"ix":4}},{"ty":7,"nm":"Ramp Shape","mn":"ADBE Ramp-0005","ix":5,"v":{"a":0,"k":1,"ix":5}},{"ty":0,"nm":"Ramp Scatter","mn":"ADBE Ramp-0006","ix":6,"v":{"a":0,"k":0,"ix":6}},{"ty":0,"nm":"Blend With Original","mn":"ADBE Ramp-0007","ix":7,"v":{"a":0,"k":0,"ix":7}},{"ty":6,"nm":"","mn":"ADBE Ramp-0008","ix":8,"v":0}]}],"shapes":[{"ty":"gr","it":[{"ind":0,"ty":"sh","ix":1,"ks":{"a":0,"k":{"i":[[0,0],[0,0],[0,0],[0,0]],"o":[[0,0],[0,0],[0,0],[0,0]],"v":[[199.967,-199.968],[199.967,199.968],[-199.967,199.968],[-199.967,-199.968]],"c":true},"ix":2},"nm":"Path 1","mn":"ADBE Vector Shape - Group","hd":true},{"ind":1,"ty":"sh","ix":2,"ks":{"a":0,"k":{"i":[[0,-110.44],[-110.439,0],[0,110.439],[110.44,0]],"o":[[0,110.439],[110.44,0],[0,-110.44],[-110.439,0]],"v":[[-199.967,0],[0,199.968],[199.968,0],[0,-199.969]],"c":true},"ix":2},"nm":"Path 2","mn":"ADBE Vector Shape - Group","hd":false},{"ty":"mm","mm":4,"nm":"Merge Paths 1","mn":"ADBE Vector Filter - Merge","hd":false},{"ty":"gf","o":{"a":0,"k":100,"ix":10},"r":1,"bm":0,"g":{"p":3,"k":{"a":0,"k":[0,0.9607843137254902,0.48627450980392156,0,0.5,0.9607843137254902,0.48627450980392156,0,1,0.9607843137254902,0.48627450980392156,0],"ix":9}},"s":{"a":0,"k":[-50.841,-84.926],"ix":5},"e":{"a":0,"k":[42,62.706],"ix":6},"t":2,"h":{"a":0,"k":0,"ix":7},"a":{"a":0,"k":0,"ix":8},"nm":"Gradient Fill 1","mn":"ADBE Vector Graphic - G-Fill","hd":false},{"ty":"fl","c":{"a":0,"k":[0.258819580078,0.407836914063,0.700836181641,1],"ix":4},"o":{"a":0,"k":100,"ix":5},"r":1,"bm":0,"nm":"Fill 1","mn":"ADBE Vector Graphic - Fill","hd":false},{"ty":"tr","p":{"a":0,"k":[200.217,200.219],"ix":2},"a":{"a":0,"k":[0,0],"ix":1},"s":{"a":0,"k":[100,100],"ix":3},"r":{"a":0,"k":0,"ix":6},"o":{"a":0,"k":100,"ix":7},"sk":{"a":0,"k":0,"ix":4},"sa":{"a":0,"k":0,"ix":5},"nm":"Transform"}],"nm":"Group 1","np":5,"cix":2,"bm":0,"ix":1,"mn":"ADBE Vector Group","hd":false}],"ip":0,"op":70.0000842911852,"st":0,"bm":0}],"markers":[]}